INSERT INTO PUBLIC.USER (UUID, CREATED_DATE, LAST_MODIFIED_DATE, VERSION, ACTIVE, EMAIL, NAME, PASSWORD, ROLE) VALUES ('88bd1da1-a694-4b3c-b0e4-02ef4ee881e7', '2021-07-02 00:50:25.982807', '2021-07-02 00:50:25.982807', 0, true, 'm.lin@surveys.com', 'Maya Lin', '$2a$10$dXkvMl0EA/oajUuiklikW.PkNUpw0gZ2RKC16Pg.bXc4MLC9dvOtW', 'COORDINATOR');
INSERT INTO PUBLIC.USER (UUID, CREATED_DATE, LAST_MODIFIED_DATE, VERSION, ACTIVE, EMAIL, NAME, PASSWORD, ROLE) VALUES ('5dcd7a32-93a4-4d88-8db5-61528072a45c', '2021-07-02 00:50:29.218538', '2021-07-02 00:50:29.218538', 0, true, 'a.mcgill@surveys.com', 'Aubree McGill', '$2a$10$cLYvid0Hnw2vsgj9MTPEeem8YU0svS19FA6xYeV6JrYs3wZLOMdru', 'RESPONDENT');

INSERT INTO PUBLIC.SURVEY (UUID, CREATED_DATE, LAST_MODIFIED_DATE, VERSION, ACTIVE, IMAGEURL, TITLE, USER_UUID) VALUES ('e1763d0d-deb4-41e0-97d2-ecbdec7b5d4f', '2021-07-02 14:08:37.332756', '2021-08-22 20:49:54.223420', 6, true, null, 'Customer Satisfaction Survey', '88bd1da1-a694-4b3c-b0e4-02ef4ee881e7');
INSERT INTO PUBLIC.SURVEY (UUID, CREATED_DATE, LAST_MODIFIED_DATE, VERSION, ACTIVE, IMAGEURL, TITLE, USER_UUID) VALUES ('73db30c6-0f17-4f7c-b7fb-67b03d61a126', '2021-07-03 15:51:31.465314', '2021-08-28 17:38:39.111629', 30, true, null, 'Best Coffee Drink', '5dcd7a32-93a4-4d88-8db5-61528072a45c');
INSERT INTO PUBLIC.SURVEY (UUID, CREATED_DATE, LAST_MODIFIED_DATE, VERSION, ACTIVE, IMAGEURL, TITLE, USER_UUID) VALUES ('3fbe1742-0034-4926-9912-9049c1949c6b', '2021-08-27 16:29:33.896117', '2021-08-28 17:51:58.253623', 18, true, null, 'New Survey', '88bd1da1-a694-4b3c-b0e4-02ef4ee881e7');

INSERT INTO PUBLIC.QUESTION (UUID, CREATED_DATE, LAST_MODIFIED_DATE, VERSION, ACTIVE, MANDATORY, MULTISELECT, POS, TEXT, SURVEY_UUID) VALUES ('c2807646-2a7d-4ef3-bb18-b3ade32d0d37', '2021-07-02 14:09:51.402350', '2021-07-02 14:09:51.402350', 0, true, false, false, 0, 'How are you satisfied with our service?', 'e1763d0d-deb4-41e0-97d2-ecbdec7b5d4f');
INSERT INTO PUBLIC.QUESTION (UUID, CREATED_DATE, LAST_MODIFIED_DATE, VERSION, ACTIVE, MANDATORY, MULTISELECT, POS, TEXT, SURVEY_UUID) VALUES ('9ce02f6b-fc36-40c4-87bf-4d578062c41c', '2021-07-02 14:10:11.161784', '2021-07-02 14:10:11.161784', 0, true, false, false, 1, 'Where do you live?', 'e1763d0d-deb4-41e0-97d2-ecbdec7b5d4f');
INSERT INTO PUBLIC.QUESTION (UUID, CREATED_DATE, LAST_MODIFIED_DATE, VERSION, ACTIVE, MANDATORY, MULTISELECT, POS, TEXT, SURVEY_UUID) VALUES ('052f9af9-526b-441c-8623-ce1e0391c006', '2021-07-06 00:39:27.603879', '2021-07-06 00:39:27.603879', 0, true, false, false, 0, 'Best Morning Drink', '73db30c6-0f17-4f7c-b7fb-67b03d61a126');
INSERT INTO PUBLIC.QUESTION (UUID, CREATED_DATE, LAST_MODIFIED_DATE, VERSION, ACTIVE, MANDATORY, MULTISELECT, POS, TEXT, SURVEY_UUID) VALUES ('d7f55e57-60f5-42c3-9e7a-79c1075cdaae', '2021-07-06 00:39:56.722941', '2021-07-06 00:39:56.722941', 0, true, false, false, 1, 'Best Lunch Drink', '73db30c6-0f17-4f7c-b7fb-67b03d61a126');

INSERT INTO PUBLIC.CHOICE (UUID, CREATED_DATE, LAST_MODIFIED_DATE, VERSION, ACTIVE, POS, TEXT, QUESTION_UUID) VALUES ('8c590cba-dc27-4205-a6a3-22bfc33f1573', '2021-07-06 00:39:27.618962', '2021-07-06 00:39:27.618962', 0, true, null, 'Espresso', '052f9af9-526b-441c-8623-ce1e0391c006');
INSERT INTO PUBLIC.CHOICE (UUID, CREATED_DATE, LAST_MODIFIED_DATE, VERSION, ACTIVE, POS, TEXT, QUESTION_UUID) VALUES ('4d1f94e8-3c47-4a57-94c4-1b0fb258177e', '2021-07-06 00:39:27.623337', '2021-07-06 00:39:27.623337', 0, true, null, 'Latte', '052f9af9-526b-441c-8623-ce1e0391c006');
INSERT INTO PUBLIC.CHOICE (UUID, CREATED_DATE, LAST_MODIFIED_DATE, VERSION, ACTIVE, POS, TEXT, QUESTION_UUID) VALUES ('3da95092-efbf-4ac1-8195-cf185298eeb4', '2021-07-06 00:39:27.624121', '2021-07-06 00:39:27.624121', 0, true, null, 'Cappuccino', '052f9af9-526b-441c-8623-ce1e0391c006');
INSERT INTO PUBLIC.CHOICE (UUID, CREATED_DATE, LAST_MODIFIED_DATE, VERSION, ACTIVE, POS, TEXT, QUESTION_UUID) VALUES ('7569ee30-4002-4e54-82ec-cb9bbb5691db', '2021-07-02 14:10:11.162414', '2021-07-02 14:10:11.162414', 0, true, null, 'Europe', '9ce02f6b-fc36-40c4-87bf-4d578062c41c');
INSERT INTO PUBLIC.CHOICE (UUID, CREATED_DATE, LAST_MODIFIED_DATE, VERSION, ACTIVE, POS, TEXT, QUESTION_UUID) VALUES ('3b76afb3-d50a-4889-a841-4b3af9dec394', '2021-07-02 14:10:11.163304', '2021-07-02 14:10:11.163304', 0, true, null, 'America', '9ce02f6b-fc36-40c4-87bf-4d578062c41c');
INSERT INTO PUBLIC.CHOICE (UUID, CREATED_DATE, LAST_MODIFIED_DATE, VERSION, ACTIVE, POS, TEXT, QUESTION_UUID) VALUES ('59f70587-8312-4cad-8b21-eb66587fdf3a', '2021-07-02 14:10:11.164157', '2021-07-02 14:10:11.164157', 0, true, null, 'APAC', '9ce02f6b-fc36-40c4-87bf-4d578062c41c');
INSERT INTO PUBLIC.CHOICE (UUID, CREATED_DATE, LAST_MODIFIED_DATE, VERSION, ACTIVE, POS, TEXT, QUESTION_UUID) VALUES ('c2dd7a63-9aa8-4195-a184-c8cffa48aee4', '2021-07-02 14:09:51.412811', '2021-07-02 14:09:51.412811', 0, true, null, 'It''s awesome', 'c2807646-2a7d-4ef3-bb18-b3ade32d0d37');
INSERT INTO PUBLIC.CHOICE (UUID, CREATED_DATE, LAST_MODIFIED_DATE, VERSION, ACTIVE, POS, TEXT, QUESTION_UUID) VALUES ('ce25ccc1-2247-4bc2-ae7b-d9ededeeb349', '2021-07-02 14:09:51.416625', '2021-07-02 14:09:51.416625', 0, true, null, 'It''s good', 'c2807646-2a7d-4ef3-bb18-b3ade32d0d37');
INSERT INTO PUBLIC.CHOICE (UUID, CREATED_DATE, LAST_MODIFIED_DATE, VERSION, ACTIVE, POS, TEXT, QUESTION_UUID) VALUES ('8eb4ffbd-2591-416e-badf-5a1382eee44e', '2021-07-02 14:09:51.416956', '2021-07-02 14:09:51.416956', 0, true, null, 'Can''t say neither good nor bad about it', 'c2807646-2a7d-4ef3-bb18-b3ade32d0d37');
INSERT INTO PUBLIC.CHOICE (UUID, CREATED_DATE, LAST_MODIFIED_DATE, VERSION, ACTIVE, POS, TEXT, QUESTION_UUID) VALUES ('ce19a6cb-5b31-486f-97e9-eb63e9fc55e7', '2021-07-02 14:09:51.417226', '2021-07-02 14:09:51.417226', 0, true, null, 'It''s bad', 'c2807646-2a7d-4ef3-bb18-b3ade32d0d37');
INSERT INTO PUBLIC.CHOICE (UUID, CREATED_DATE, LAST_MODIFIED_DATE, VERSION, ACTIVE, POS, TEXT, QUESTION_UUID) VALUES ('ae6ee4c1-7ec0-4665-9a42-2521befb0c84', '2021-07-02 14:09:51.417648', '2021-07-02 14:09:51.417648', 0, true, null, 'It''s terrible', 'c2807646-2a7d-4ef3-bb18-b3ade32d0d37');
INSERT INTO PUBLIC.CHOICE (UUID, CREATED_DATE, LAST_MODIFIED_DATE, VERSION, ACTIVE, POS, TEXT, QUESTION_UUID) VALUES ('028a866c-2577-463e-9d8b-9d182324ffcc', '2021-07-06 00:39:56.723557', '2021-07-06 00:39:56.723557', 0, true, null, 'Espresso', 'd7f55e57-60f5-42c3-9e7a-79c1075cdaae');
INSERT INTO PUBLIC.CHOICE (UUID, CREATED_DATE, LAST_MODIFIED_DATE, VERSION, ACTIVE, POS, TEXT, QUESTION_UUID) VALUES ('4baabbb1-70c2-40f7-98df-4ab7e5357f26', '2021-07-06 00:39:56.723846', '2021-07-06 00:39:56.723846', 0, true, null, 'Latte', 'd7f55e57-60f5-42c3-9e7a-79c1075cdaae');
INSERT INTO PUBLIC.CHOICE (UUID, CREATED_DATE, LAST_MODIFIED_DATE, VERSION, ACTIVE, POS, TEXT, QUESTION_UUID) VALUES ('4b788b07-fd50-4725-8d72-9254841b1aa4', '2021-07-06 00:39:56.724113', '2021-07-06 00:39:56.724113', 0, true, null, 'Cappuccino', 'd7f55e57-60f5-42c3-9e7a-79c1075cdaae');

INSERT INTO PUBLIC.TAG (UUID, CREATED_DATE, LAST_MODIFIED_DATE, VERSION, NAME, SHORTNAME) VALUES ('02dfab4d-68da-46aa-a687-74904b062680', '2021-08-03 17:35:03.111389', '2021-08-03 17:35:03.111389', 0, 'New & Noteworthy', 'new-noteworthy');
INSERT INTO PUBLIC.TAG (UUID, CREATED_DATE, LAST_MODIFIED_DATE, VERSION, NAME, SHORTNAME) VALUES ('bc644a62-e791-4626-87cd-9d06fe671fa2', '2021-08-22 14:46:42.192691', '2021-08-22 14:46:42.192691', 0, 'Education', 'education');

INSERT INTO PUBLIC.SURVEY_TAG (SURVEY_UUID, TAGS_UUID) VALUES ('e1763d0d-deb4-41e0-97d2-ecbdec7b5d4f', '02dfab4d-68da-46aa-a687-74904b062680');
INSERT INTO PUBLIC.SURVEY_TAG (SURVEY_UUID, TAGS_UUID) VALUES ('73db30c6-0f17-4f7c-b7fb-67b03d61a126', '02dfab4d-68da-46aa-a687-74904b062680');
INSERT INTO PUBLIC.SURVEY_TAG (SURVEY_UUID, TAGS_UUID) VALUES ('73db30c6-0f17-4f7c-b7fb-67b03d61a126', 'bc644a62-e791-4626-87cd-9d06fe671fa2');
INSERT INTO PUBLIC.SURVEY_TAG (SURVEY_UUID, TAGS_UUID) VALUES ('3fbe1742-0034-4926-9912-9049c1949c6b', '02dfab4d-68da-46aa-a687-74904b062680');

INSERT INTO PUBLIC.USERPREFERENCES (UUID, CREATED_DATE, LAST_MODIFIED_DATE, VERSION, DISPLAYUNTAGGED, USER_UUID) VALUES ('1e4cdf60-c3fd-4e6b-9e59-21d0447bf7a6', '2021-09-01 13:11:45.937634', '2021-09-01 16:14:03.451070', 14, true, '88bd1da1-a694-4b3c-b0e4-02ef4ee881e7');

INSERT INTO PUBLIC.USERPREFERENCES_TAG (USERPREFERENCES_UUID, MAINPAGELAYOUT_UUID, MAINPAGELAYOUT_ORDER) VALUES ('1e4cdf60-c3fd-4e6b-9e59-21d0447bf7a6', '02dfab4d-68da-46aa-a687-74904b062680', 0);
INSERT INTO PUBLIC.USERPREFERENCES_TAG (USERPREFERENCES_UUID, MAINPAGELAYOUT_UUID, MAINPAGELAYOUT_ORDER) VALUES ('1e4cdf60-c3fd-4e6b-9e59-21d0447bf7a6', 'bc644a62-e791-4626-87cd-9d06fe671fa2', 1);